N,Normal_Multiplication_Time,Divide_and_Conquer_Time,Strassen_Time
4.0,0.0,0.0,0.0
8.0,0.0,0.0009970664978027344,0.0
16.0,0.0019943714141845703,0.007978677749633789,0.001995086669921875
32.0,0.01598072052001953,0.06081366539001465,0.014959335327148438
64.0,0.12569284439086914,0.47868919372558594,0.10075521469116211
128.0,0.9893510341644287,3.8676276206970215,0.6881859302520752
256.0,7.85099458694458,30.15233278274536,4.766247987747192
512.0,61.8704719543457,241.88923716545105,33.3118793964386
